,explore_name,explore_file_location,view_sources,syntax_error,is_endpoint_explore
0,gateway_txns,ndt_system_daily_gateway_txns.view.lkml,"['d_gateway_txn', 'd_date']",flagged explore as created in view file,False
1,invoice,ndt_system_daily_invoice.view.lkml,['invoice'],flagged explore as created in view file,False
2,d_marketing_channel_w_lookups,d_marketing_channel.view.lkml,"['d_marketing_channel_old', 'd_keyword_lookup', 'd_adgroup_lookup', 'd_campaign_lookup']",flagged explore as created in view file,False
3,payments_with_gateway,payments_ndt.view.lkml,"['payments', 'd_date', 'd_gateway_txn', 'd_system', 'd_payment']",flagged explore as created in view file,False
4,systemid_payments,payments_ndt.view.lkml,"['report_systems', 'd_payment', 'd_date', 'payments', 'd_gateway_txn', 'd_system']",flagged explore as created in view file,False
5,spend_monthly_data,SPEND_monthly_data.view.lkml,['spend_monthly_data'],flagged explore as created in view file,False
6,estimate,ndt_system_daily_estimate.view.lkml,['estimate'],flagged explore as created in view file,False
7,fact_monthly_subscriptions_ndt,FACT_monthly_subscriptions_ndt.view.lkml,['fact_monthly_subscriptions'],flagged explore as created in view file,False
8,fact_subscription_summary,FACT_monthly_subscriptions_ndt.view.lkml,['fact_subscription_summary'],flagged explore as created in view file,True
9,spend_daily_data,SPEND_daily_data.view.lkml,['spend_daily_data'],flagged explore as created in view file,False
10,selligent_random_speed_chart,one_off_derived_tables.model.lkml,['selligent_random_speed_chart'],,True
11,selligent_random_speed_chart_opened_email,one_off_derived_tables.model.lkml,['selligent_random_speed_chart_opened_email'],,True
12,monthly_subscriber_information,marketing.model.lkml,"['report_systems', 'business_survey_results', 'ndt_beta_tests', 'ndt_monthly_payments', 'ndt_monthly_advanced_payments', 'report_subscribers', 'ndt_monthly_seats', 'bad_ip_table', 'ndt_engaged_seats', 'bad_domain_table', 'ndt_monthly_time_entries', 'ndt_monthly_fact_estimates_and_proposals', 'ndt_advanced_accounting_trends', 'ndt_monthly_retainers', 'ndt_monthly_zendesk_tickets', 'ndt_monthly_fact_expenses']",,True
13,report_systems,marketing.model.lkml,"['ndt_seats_funnels', 'optimize_name', 'ndt_gateway_enabled_fbpay_ach', 'report_system_upgrades_by_type', 'roles', 'report_system_upgrades_by_type_staff', 'FACT_system_gateway_txn', 'ndt_gateway_enabled_auth_net', 'ndt_advanced_accounting_reports', 'ndt_migration_enabled', 'nfb_ftwb_audiences', 'other_income', 'bad_domain_table', 'first_device', 'zendesk_organizations', 'FACT_system_invoices', 'fact_subscription_summary', 'FACT_system_invoice_profile', 'FACT_system_expenses', 'ndt_email_verified', 'telesales_pilot_disposition', 'ndt_card_reader_user', 'ndt_migration_invited', 'live_system', 'ltv_model', 'ndt_first_last_mod_down_date_dim', 'standard_report_revenue', 'yodlee_user', 'ndt_api_user', 'ndt_deferred_upgrade', 'payment_first_last_use', 'ndt_in_sfmc_journey', 'ndt_system_seats', 'FACT_system_projects', 'identity_group_memberships', 'd_marketing_channel', 'ndt_beta_tests', 'ndt_bank_import_user', 'd_date', 'ndt_time_tracking_funnel', 'source_adjust_ios_trials', 'ndt_gateway_enabled_paypal', 'sfmc_journey_tracking', 'ndt_first_last_mod_up_date_dim', 'upgrade_probability', 'fact_ltv_table', 'fbc_ftwb_audiences', 'ndt_daily_device_usage', 'ndt_contractor', 'sfmc_flag_tracking', 'ndt_heap_view_retainers', 'ndt_telesales_sales_dims', 'ndt_retainers', 'ndt_first_last_seat_addon_dim', 'bad_ip_table', 'd_billing_account', 'ndt_time_entries', 'ndt_timesheet_user', 'ndt_optimize_experimentid', 'FACT_system_payments', 'business_survey_results', 'd_plan_change', 'ndt_gateway_enabled_braintree', 'ndt_telesales_pilot_last_disposition', 'ndt_payments_r12m_summary', 'FACT_system_time_entry', 'day_2_upgrade_predictions', 'deferred_upgrade_packages', 'ndt_masterlock_businesses', 'ndt_seats_avg', 'ndt_vt_user', 'ndt_telesales_lead_generation', 'ndt_is_onboarded', 'report_system_upgrades_by_type_base', 'identities', 'report_system_upgrades_by_type_other', 'ndt_convertible_segment', 'ndt_engaged_seats', 'ltv_model_get_max_insertion', 'ndt_heap_navbar_time_tracking', 'ndt_sf_systemid_dim', 'single_industry_table', 'ndt_first_last_seat_removal_dim', 'clusters', 'masterlock_subscriptions', 'FACT_system_estimates']",,False
14,fact_monthly_subscriptions,marketing.model.lkml,"['report_systems_last_upgrade', 'report_systems', 'fact_monthly_tpv', 'd_marketing_channel', 'report_systems_last_downgrade']",,True
15,apollo_budget,marketing.model.lkml,['apollo_budget'],,True
16,fact_monthly_podcast_stats,marketing.model.lkml,"['spend_podcast_data', 'ndt_monthly_podcasts_stats']",,True
17,d_cancel_feedback,marketing.model.lkml,"['d_date', 'report_system_downgrades']",,True
18,selligent_summary,marketing.model.lkml,"['selligent_summary', 'report_systems', 'selligent_mailing_logs']",,True
19,selligent_email_drip_logins,marketing.model.lkml,"['report_systems', 'selligent_email_drip_logins']",,True
20,sfmc_email_marketing_funnel,marketing.model.lkml,"['sfmc_email_tracking', 'report_systems', 'sfmc_email_name_mapping', 'ndt_convertible_segment', 'identities', 'upgrade_probability', 'ndt_deferred_upgrade', 'identity_group_memberships', 'ndt_masterlock_businesses']",,True
21,sfmc_email_drip_logins,marketing.model.lkml,"['report_systems', 'sfmc_email_drip_logins', 'ndt_convertible_segment', 'sfmc_journey_tracking', 'upgrade_probability', 'ndt_deferred_upgrade', 'roles', 'sfmc_flag_tracking']",,True
22,payments_tpv,marketing.model.lkml,['payments_tpv'],,True
23,payments,marketing.model.lkml,"['report_systems', 'd_payment', 'd_date', 'payments', 'd_gateway_txn', 'd_system']",,True
24,report_system_movement,marketing.model.lkml,"['d_billing_account', 'd_plan_change']",,True
25,test_upgrade_activity,marketing.model.lkml,['test_upgrade_activity'],,True
26,selligent_project_files,marketing.model.lkml,['report_systems'],,True
27,FACT_daily_system_view,marketing.model.lkml,"['ndt_system_daily_expense', 'report_systems', 'ndt_beta_tests', 'daily_device_usage', 'ndt_system_daily_gateway_txns', 'report_subscribers', 'systems_daily', 'ndt_system_daily_seats', 'bad_domain_table', 'ndt_system_daily_estimate', 'ndt_contractor', 'ndt_system_daily_invoice', 'ndt_system_daily_seats_activity']",,True
28,report_mobile_downloads,marketing.model.lkml,['report_mobile_downloads'],,True
29,marketing_spend_performance,marketing.model.lkml,"['ndt_channel_daily_spend', 'dt_channel_daily', 'ndt_daily_cohort_stats_by_channel', 'd_date']",,True
30,FACT_daily_cohort_stats_by_reporting_channel,marketing.model.lkml,"['spend_daily_data_by_reporting_channel', 'd_date']",,True
31,FACT_daily_budget_metrics_total,marketing.model.lkml,"['apollo_budget', 'FACT_daily_upgrade_cohort_stats', 'FACT_daily_cohort_stats', 'd_date']",,True
32,FACT_monthly_cohort_stats,marketing.model.lkml,['spend_monthly_data_by_reporting_channel'],,True
33,source_funnel_adwords_adgroup,marketing.model.lkml,"['ndt_system_adwords_adgroup', 'source_funnel_campaign_lookup']",,True
34,contractor_network_effect,marketing.model.lkml,['z'],,True
35,paid_contractors,marketing.model.lkml,['zz'],,True
36,advanced_accounting_reports,marketing.model.lkml,"['ndt_advanced_accounting_reports', 'FACT_system_time_entry', 'business_survey_results', 'FACT_system_invoices', 'FACT_system_expenses', 'FACT_system_estimates']",,True
37,advanced_accounting_trends,marketing.model.lkml,['ndt_advanced_accounting_trends'],,True
38,zendesk_cases,marketing.model.lkml,"['report_systems', 'zendesk_users', 'zendesk_organizations', 'zendesk_ticket_tags', 'zendesk_ticket_metrics', 'zendesk_ticket_fields', 'zendesk_tickets', 'zendesk_categories', 'ndt_zendesk_date_dims']",,True
39,power_user_curve,marketing.model.lkml,"['report_systems', 'ndt_engagement_power_user_segments']",,True
40,pd_build_commits_with_deploys_public,marketing.model.lkml,['ndt_pd_build_commits_with_deploy'],,True
41,pd_build_deploys_public,marketing.model.lkml,['pd_build_deploys'],,True
42,standard_report_journey_explore,standard_reporting_explores.model.lkml,"['roles', 'sfmc_journey_tracking', 'sfmc_flag_tracking', 'report_systems']",,False
43,standard_report_revenue_explore,standard_reporting_explores.model.lkml,"['d_billing_account', 'standard_report_offer', 'standard_report_dt_subscribers', 'ndt_deferred_upgrade']",,False
44,standard_report_upgrade_explore,standard_reporting_explores.model.lkml,"['day_2_upgrade_predictions', 'report_systems', 'ndt_deferred_upgrade']",,False
45,standard_report_email_explore,standard_reporting_explores.model.lkml,"['standard_report_journey', 'standard_report_email']",,True
46,standard_report_events_explore,standard_reporting_explores.model.lkml,"['FACT_system_payments', 'FACT_system_invoices', 'FACT_system_time_entry', 'roles', 'FACT_system_expenses']",,False
47,standard_report_otm_explore,standard_reporting_explores.model.lkml,"['report_systems', 'ndt_telesales_sales_dims', 'ndt_telesales_pilot_last_disposition']",,False
48,standard_report_omnichannel_explore,standard_reporting_explores.model.lkml,"['report_systems', 'heap_omnichannel_unique']",,False
49,heap_omnichannel_explore,standard_reporting_explores.model.lkml,"['heap_users', 'heap_omnichannel_value_tiles_all']",,False
50,yearly_revenue_for_netsuite,finance.model.lkml,['yearly_revenue_for_netsuite'],,True
51,yearly_revenue_by_system,finance.model.lkml,['yearly_revenue_by_system'],,True
52,monthly_revenue_for_netsuite,finance.model.lkml,['monthly_revenue_for_netsuite'],,True
53,monthly_revenue_by_system,finance.model.lkml,['monthly_revenue_by_system'],,True
54,aria_monthly_with_deferred_last_month,finance.model.lkml,['aria_monthly_with_deferred_last_month'],,True
55,aria_yearly_with_deferred_last_month,finance.model.lkml,['aria_yearly_with_deferred_last_month'],,True
56,source_funnel_io_daily_spend,finance.model.lkml,['source_funnel_io_daily_spend'],,True
57,source_gs_podcast_daily_spend,finance.model.lkml,['ndt_ddate_first_month'],,True
58,system_payments,etl.model.lkml,"['report_systems', 'd_payment', 'd_date', 'payments', 'd_gateway_txn', 'd_system']",,True
59,d_date,helper_system_explores_raw.model.lkml,['d_date'],,False
60,report_subscribers,helper_system_explores_raw.model.lkml,['report_subscribers'],,False
61,ndt_paying_subscriber_base,helper_system_explores_raw.model.lkml,['ndt_paying_subscriber_base'],,False
62,ndt_customer_movement_user_cnt,helper_system_explores_raw.model.lkml,['ndt_customer_movement_user_cnt'],,False
63,ltv_model,helper_system_explores_raw.model.lkml,['ltv_model'],,False
64,optimize_experimentid,helper_system_explores_raw.model.lkml,['optimize_experimentid'],,False
65,masterlock_businesses,helper_system_explores_raw.model.lkml,['masterlock_businesses'],,False
66,ndt_masterlock_businesses,helper_system_explores_raw.model.lkml,['ndt_masterlock_businesses'],,True
67,report_system_movement_by_type_raw,helper_system_explores_raw.model.lkml,['report_system_movement_by_type'],,False
68,ndt_vt_user,helper_system_explores_raw.model.lkml,['ndt_vt_user'],,True
69,system_gateway_stable,helper_system_explores_raw.model.lkml,['system_gateway_stable'],,False
70,system_feature,helper_system_explores_raw.model.lkml,['system_feature'],,False
71,expense,helper_system_explores_raw.model.lkml,['expense'],,False
72,ndt_migration_enabled,helper_system_explores_raw.model.lkml,['ndt_migration_enabled'],,True
73,ndt_bank_import_user,helper_system_explores_raw.model.lkml,['ndt_bank_import_user'],,True
74,timesheet_entry_stable,helper_system_explores_raw.model.lkml,['timesheet_entry_stable'],,False
75,card_reader_order,helper_system_explores_raw.model.lkml,['card_reader_order'],,False
76,coalesced_live_shards_system,helper_system_explores_raw.model.lkml,['coalesced_live_shards_system'],,False
77,ndt_first_last_seat_addon,helper_system_explores_raw.model.lkml,['ndt_first_last_seat_addon'],,False
78,ndt_first_last_seat_addon_dim,helper_system_explores_raw.model.lkml,['ndt_first_last_seat_addon_dim'],,True
79,ndt_first_last_seat_removal,helper_system_explores_raw.model.lkml,['ndt_first_last_seat_removal'],,False
80,ndt_first_last_seat_removal_dim,helper_system_explores_raw.model.lkml,['ndt_first_last_seat_removal_dim'],,True
81,ndt_first_last_mod_up_date,helper_system_explores_raw.model.lkml,['ndt_first_last_mod_up_date'],,False
82,ndt_first_last_mod_up_date_dim,helper_system_explores_raw.model.lkml,['ndt_first_last_mod_up_date_dim'],,True
83,ndt_first_last_mod_down_date,helper_system_explores_raw.model.lkml,['ndt_first_last_mod_down_date'],,False
84,ndt_first_last_mod_down_date_dim,helper_system_explores_raw.model.lkml,['ndt_first_last_mod_down_date_dim'],,True
85,selligent_summary_raw,helper_system_explores_raw.model.lkml,['selligent_summary'],,False
86,ndt_migration_invited,helper_system_explores_raw.model.lkml,['ndt_migration_invited'],,True
87,upgrade_probability,helper_system_explores_raw.model.lkml,['ndt_convertible_segment'],,False
88,upm_predictions,helper_system_explores_raw.model.lkml,['upm_predictions'],,False
89,daily_device_usage,helper_system_explores_raw.model.lkml,['daily_device_usage'],,False
90,source_combined_daily_spend,helper_system_explores_raw.model.lkml,['source_combined_daily_spend'],,False
91,telesales_pilot_disposition,helper_system_explores_raw.model.lkml,['telesales_pilot_disposition'],,False
92,deferred_upgrade_packages,helper_system_explores_raw.model.lkml,['deferred_upgrade_packages'],,False
93,ndt_sf_systemid,helper_system_explores_raw.model.lkml,['ndt_sf_systemid'],,False
94,sf_account,helper_system_explores_raw.model.lkml,['sf_account'],,True
95,sf_opportunity,helper_system_explores_raw.model.lkml,['sf_opportunity'],,True
96,d_fundbox_invoices,helper_system_explores_raw.model.lkml,['d_fundbox_invoices'],,False
97,d_fundbox_accounts,helper_system_explores_raw.model.lkml,['d_fundbox_accounts'],,False
98,events_raw,helper_system_explores_raw.model.lkml,['events_raw'],,False
99,ndt_events_raw_engagement,helper_system_explores_raw.model.lkml,['ndt_events_raw_engagement'],,False
100,migration_model_with_feature_usage,migration.model.lkml,['migration_model_with_feature_usage'],,True
101,order_items,customer_experience_reporting.model.lkml,"['orders', 'users']",,True
102,subscription_events_3_0,customer_experience_reporting.model.lkml,['report_systems'],,True
103,cycle_helper_table,customer_experience_reporting.model.lkml,['cycle_helper_table'],,True
104,product_helper_table,customer_experience_reporting.model.lkml,['product_helper_table'],,True
105,product_subscription_events,customer_experience_reporting.model.lkml,['product_subscription_events'],,True
106,subscription_tab_helper_table,customer_experience_reporting.model.lkml,['subscription_tab_helper_table'],,True
107,payments_in_week_helper,customer_experience_reporting.model.lkml,['payments_in_week_helper'],,True
108,payments_daily_helper,customer_experience_reporting.model.lkml,['payments_daily_helper'],,True
109,cohort_eop_subs_by_tpv_tiers,customer_experience_reporting.model.lkml,['cohort_eop_subs_by_tpv_tiers'],,True
110,cohort_churn_units,customer_experience_reporting.model.lkml,['cohort_churn_units'],,True
111,cohorts_payment_vol_by_month,customer_experience_reporting.model.lkml,['cohorts_payment_vol_by_month'],,True
112,cohort_mod_up_down_seats,customer_experience_reporting.model.lkml,['cohort_mod_up_down_seats'],,True
113,report_system_movement_by_type,customer_experience_reporting.model.lkml,"['report_system_movement_weekly', 'report_systems', 'report_system_movement', 'report_system_movement_monthly', 'report_subscribers', 'FACT_system_estimates']",,True
114,FACT_daily_tpv,customer_experience_reporting.model.lkml,"['report_system_movement_weekly', 'report_systems', 'd_marketing_channel', 'gateway_txns', 'd_payment', 'report_subscribers', 'd_date', 'ndt_sf_systemid_dim', 'payments', 'payment_first_last_use', 'd_gateway_txn', 'ndt_payments_r12m_summary', 'report_system_movement_monthly']",,True
115,report_system_movement_monthly,customer_experience_reporting.model.lkml,['report_system_movement_monthly'],,True
116,report_system_movement_weekly,customer_experience_reporting.model.lkml,"['ndt_involuntary_winback', 'ndt_smux_churn_tenure_and_cohort', 'ndt_customer_movement_user_cnt', 'paying_subscriber_base_by_month_eop', 'report_system_downgrades', 'ndt_customer_movement_user_cnt_by_month', 'ndt_fundbox_accounts_monthly', 'ndt_involuntary_winback_monthly', 'report_system_upgrades', 'base_marketing_budget', 'ndt_involuntary_winback_final', 'ndt_involuntary_winback_monthly_60d', 'nfb_newly_eligible_systems', 'ndt_paying_subscriber_base_by_month', 'd_fundbox_accounts']",,True
117,ndt_customer_movement_user_cnt_by_month,customer_experience_reporting.model.lkml,['ndt_customer_movement_user_cnt_by_month'],,True
118,ndt_paying_subscriber_base_by_month,customer_experience_reporting.model.lkml,"['ndt_customer_movement_user_cnt_by_month', 'ndt_involuntary_winback_final']",,True
119,daily_customer_movement_user,customer_experience_reporting.model.lkml,['ndt_customer_movement_user_cnt'],,True
120,involuntary_winback_all,customer_experience_reporting.model.lkml,"['report_system_downgrades', 'report_system_upgrades']",,False
121,involuntary_winback_monthly,customer_experience_reporting.model.lkml,['involuntary_winback_monthly'],,False
122,involuntary_winback,customer_experience_reporting.model.lkml,"['ndt_involuntary_winback', 'report_system_downgrades', 'ndt_involuntary_winback_monthly', 'report_system_upgrades']",,False
123,involuntary_winback_final,customer_experience_reporting.model.lkml,['ndt_involuntary_winback_monthly_60d'],,False
124,ndt_fundbox_invoices_monthly,customer_experience_reporting.model.lkml,['ndt_fundbox_accounts_monthly'],,True
125,d_fundbox_accounts_only,customer_experience_reporting.model.lkml,['d_fundbox_accounts'],,True
126,NFB_Newly_Eligible_Systems,customer_experience_reporting.model.lkml,['nfb_newly_eligible_systems'],,True
127,smux_churn_tenure_cohort,customer_experience_reporting.model.lkml,['ndt_smux_churn_tenure_and_cohort'],,True
128,systems,dataops_scratch.model.lkml,"['masterlock_vanity_participants', 'invoice', 'invoice_audit_log']",,True
129,clutter_yodlee_suspected_evil_doers,dataops_scratch.model.lkml,['clutter_yodlee_suspected_evil_doers'],,True
130,clutter_yodlee_bankharvester_yodlee_users,dataops_scratch.model.lkml,['clutter_yodlee_bankharvester_yodlee_users'],,True
131,clutter_yodlee_percent_users_banned_last_day,dataops_scratch.model.lkml,['clutter_yodlee_percent_users_banned_last_day'],,True
132,clutter_yodlee_suspected_evil_identities_7_days,dataops_scratch.model.lkml,['clutter_yodlee_suspected_evil_identities_7_days'],,True
133,clutter_yodlee_suspected_evil_businesses_7_days,dataops_scratch.model.lkml,['clutter_yodlee_suspected_evil_businesses_7_days'],,True
134,clutter_yodlee_provider_accounts_90_days,dataops_scratch.model.lkml,['clutter_yodlee_provider_accounts_90_days'],,True
135,report_systems_with_hqt,_systemsandtrials.model.lkml,"['report_system_upgrades_by_type_base', 'report_system_upgrades_by_type_other', 'bad_ip_table', 'report_system_upgrades_by_type', 'bad_domain_table', 'report_system_upgrades_by_type_staff', 'system_event_aggr_hqt']",,False
136,activation_funnel,payments.model.lkml,"['report_systems', 'report_subscribers', 'd_date']",,True
137,utilization_funnel,payments.model.lkml,"['report_systems', 'report_subscribers', 'd_date']",,True
138,payments,payments.model.lkml,"['d_invoice_gateway_fbpay', 'report_systems', 'ndt_payment_system_engagement', 'invoice', 'report_subscribers', 'd_date', 'ndt_monthly_payment_system_engagement']",,True
139,payments_systems,payments.model.lkml,"['d_invoice_gateway_fbpay', 'd_system_gateway_details']",,False
140,payments_monthly_systems,payments.model.lkml,"['invoice', 'd_invoice_gateway_fbpay', 'd_date']",,False
141,summary_payments,payments.model.lkml,['ndt_payment_system_engagement'],,True
142,summary_monthly_payments,payments.model.lkml,['ndt_monthly_payment_system_engagement'],,True
143,report_systems,computron.model.lkml,['report_systems'],,False
144,report_system_upgrades,computron.model.lkml,['report_system_upgrades'],,True
145,report_system_downgrades,computron.model.lkml,"['report_systems', 'invoice', 'd_date', 'min_max_dates', 'weekly_bop_eop_subs', 'daily_sub_total']",,True
146,report_subscribers,computron.model.lkml,['report_subscribers'],,False
147,report_system_movement,computron.model.lkml,['report_system_movement'],,True
148,subscription_events,computron.model.lkml,"['daily_sub_total', 'weekly_bop_eop_subs', 'd_date', 'min_max_dates']",,True
149,subscription_events_2_0,computron.model.lkml,['report_systems'],,True
150,subscription_events_3_0,computron.model.lkml,['report_systems'],,True
151,user,computron.model.lkml,"['invoice', 'report_systems']",,True
152,invoice_item,exploration.model.lkml,"['invoice', 'user']",,True
153,standard_report_journey,standard_reporting_framework.model.lkml,"['ndt_first_last_mod_down_date', 'business_survey_results', 'standard_report_email', 'standard_report_journey', 'standard_report_omnichannel', 'standard_report_events', 'standard_report_otm', 'standard_report_segment', 'standard_report_upgrade', 'standard_report_revenue']",,True
154,systemid_gateway_txn,helper_system_explores.model.lkml,"['report_systems', 'd_gateway_txn', 'gateway_txns', 'd_date']",,False
155,systemid_time_entry,helper_system_explores.model.lkml,"['time_entry', 'report_systems', 'roles']",,False
156,systemid_expenses,helper_system_explores.model.lkml,"['expense', 'report_systems']",,False
157,systemid_estimates,helper_system_explores.model.lkml,"['report_systems', 'estimate']",,False
158,systemid_projects,helper_system_explores.model.lkml,"['project', 'report_systems', 'estimate']",,False
159,systemid_bank_import_raw,helper_system_explores.model.lkml,['systemid_bank_import_raw'],,False
160,systemid_bank_import,helper_system_explores.model.lkml,"['FACT_system_bank_import_raw', 'report_systems', 'yodlee_user', 'roles']",,True
161,systemid_clients,helper_system_explores.model.lkml,['client'],,False
162,systemid_invoices,helper_system_explores.model.lkml,"['invoice', 'report_systems']",,False
163,systemid_invoice_profile,helper_system_explores.model.lkml,"['report_systems', 'invoice_profile']",,False
164,systemid_all_payments,helper_system_explores.model.lkml,"['payments', 'd_gateway_txn', 'gateway_txns', 'd_date', 'd_payment']",,False
165,ndt_payments_r12m,helper_system_explores.model.lkml,['ndt_payments_r12m'],,False
166,ndt_report_system_movement_by_type,helper_system_explores.model.lkml,"['report_subscribers', 'report_system_movement', 'report_system_movement_by_type']",,False
167,ndt_payment_monthly,helper_system_explores.model.lkml,['ndt_payment_monthly'],,True
168,ndt_events,helper_system_explores.model.lkml,"['d_event', 'event_counts', 'd_date']",,False
169,ndt_convertible_segment,helper_system_explores.model.lkml,"['report_systems', 'ndt_is_onboarded', 'identities', 'bad_ip_table', 'masterlock_emails', 'roles', 'bad_domain_table']",,False
170,ndt_deferred_upgrade_explore,helper_system_explores.model.lkml,"['deferred_upgrade_packages', 'deferred_upgrade_addons', 'report_systems', 'masterlock_subscriptions', 'ndt_deferred_upgrade_first']",,False
171,ndt_in_sfmc_journey,helper_system_explores.model.lkml,"['report_systems', 'roles', 'sfmc_journey_tracking']",,False
172,ndt_contractor,helper_system_explores.model.lkml,"['d_billing_account', 'report_systems', 'd_plan_change']",,False
173,seats_activity,helper_system_explores.model.lkml,"['masterlock_invitations', 'systems_daily', 'report_systems', 'masterlock_businesses']",,False
174,monthly_seats_activity,helper_system_explores.model.lkml,"['masterlock_invitations', 'masterlock_businesses', 'report_systems', 'identities', 'report_subscribers']",,False
175,seats_funnels,helper_system_explores.model.lkml,"['masterlock_invitations', 'masterlock_businesses', 'report_systems', 'ndt_seats_funnels', 'identities']",,False
176,avg_seats,helper_system_explores.model.lkml,"['report_systems', 'ndt_seats_funnels']",,False
177,seats_funnels_not_daily,helper_system_explores.model.lkml,"['masterlock_invitations', 'masterlock_businesses', 'report_systems']",,True
178,engaged_seats,helper_system_explores.model.lkml,"['time_entry', 'masterlock_businesses', 'report_systems', 'identity_group_memberships']",,True
179,ndt_beta_test,helper_system_explores.model.lkml,"['masterlock_businesses', 'report_systems', 'masterlock_beta_features', 'masterlock_subscriptions', 'masterlock_beta_features_subscriptions']",,False
180,explore_email_verified,helper_system_explores.model.lkml,"['masterlock_emails', 'report_systems', 'identities', 'roles', 'ndt_masterlock_businesses']",,False
181,explore_telesales_last_disposition,helper_system_explores.model.lkml,"['report_systems', 'telesales_pilot_disposition', 'ndt_telesales_pilot_date_dims']",,False
182,explore_heap_users,helper_system_explores.model.lkml,"['heap_users_raw', 'roles']",,True
183,standard_report_journey_explore,helper_system_explores.model.lkml,"['roles', 'sfmc_journey_tracking', 'sfmc_flag_tracking', 'report_systems']",,False
184,standard_report_segment_explore,helper_system_explores.model.lkml,['report_systems'],,False
185,standard_report_revenue_explore,helper_system_explores.model.lkml,"['d_billing_account', 'report_systems', 'standard_report_offer', 'standard_report_dt_subscribers', 'ndt_deferred_upgrade']",,False
186,standard_report_upgrade_explore,helper_system_explores.model.lkml,"['day_2_upgrade_predictions', 'report_systems', 'ndt_deferred_upgrade']",,False
187,standard_report_email_explore,helper_system_explores.model.lkml,"['standard_report_journey', 'standard_report_email']",,True
188,standard_report_events_explore,helper_system_explores.model.lkml,"['FACT_system_time_entry', 'FACT_system_invoices', 'FACT_system_expenses', 'FACT_system_client', 'roles', 'FACT_system_gateway_txn', 'FACT_system_bank_import']",,False
189,standard_report_otm_explore,helper_system_explores.model.lkml,"['report_systems', 'ndt_telesales_sales_dims', 'ndt_telesales_pilot_last_disposition']",,False
190,standard_report_omnichannel_explore,helper_system_explores.model.lkml,"['report_systems', 'heap_omnichannel_unique']",,False
191,heap_omnichannel_explore,helper_system_explores.model.lkml,"['heap_users', 'heap_omnichannel_value_tiles_all']",,False
192,system_time_tracking,helper_system_explores.model.lkml,"['time_entry_business', 'masterlock_businesses', 'report_systems', 'converse_time_entry_invoice_item']",,False
193,monthly_time_tracking,helper_system_explores.model.lkml,"['time_entry', 'masterlock_businesses', 'time_entry_business', 'converse_time_entry_invoice_item', 'report_subscribers']",,False
194,salesforce_systemid,helper_system_explores.model.lkml,"['sf_account', 'sf_opportunity']",,False
195,telesales_lead_generation,helper_system_explores.model.lkml,"['report_systems', 'masterlock_businesses', 'ndt_convertible_segment', 'sfmc_journey_tracking', 'upgrade_probability', 'ndt_deferred_upgrade', 'identity_group_memberships', 'sfmc_flag_tracking']",,False
196,navbar_time_tracking,helper_system_explores.model.lkml,['navbar_time_tracking'],,False
197,navbar_time_tracking,helper_system_explores.model.lkml,['navbar_time_tracking'],,False
198,retainer_helper,helper_system_explores.model.lkml,"['time_entry', 'masterlock_businesses', 'report_systems', 'retainer_period', 'retainer']",,False
199,heap_view_retainers,helper_system_explores.model.lkml,"['heap_users_raw', 'report_systems', 'roles', 'heap_view_create_retainer']",,False
200,retainer_monthly_helper,helper_system_explores.model.lkml,"['project', 'retainer_period', 'time_entry', 'masterlock_businesses', 'report_subscribers', 'retainer', 'active_project']",,False
201,heap_view_retainer_monthly,helper_system_explores.model.lkml,"['report_systems', 'heap_view_create_retainer', 'report_subscribers', 'd_date', 'heap_users_raw', 'roles']",,True
202,advanced_accounting_report_funnels,helper_system_explores.model.lkml,"['report_systems', 'advanced_accounting_filter_profit_loss', 'advanced_accounting_filter_general_ledger', 'invoice_profile', 'advanced_accounting_general_ledger', 'advanced_accounting_chart_of_accounts', 'invoice', 'time_entry', 'advanced_accounting_send_general_ledger', 'advanced_accounting_chart_of_accounts_save_entry', 'advanced_accounting_profit_loss', 'expense', 'heap_users_raw', 'roles', 'advanced_accounting_trial_balance', 'estimate', 'advanced_accounting_balance_sheet', 'advanced_accounting_send_profit_loss', 'advanced_accounting_send_trial_balance', 'advanced_accounting_filter_trial_balance']",,False
203,advanced_accounting_report_trends,helper_system_explores.model.lkml,"['report_systems', 'advanced_accounting_filter_profit_loss', 'advanced_accounting_filter_general_ledger', 'invoice_profile', 'advanced_accounting_general_ledger', 'advanced_accounting_chart_of_accounts', 'invoice', 'time_entry', 'advanced_accounting_send_general_ledger', 'report_subscribers', 'advanced_accounting_profit_loss', 'advanced_accounting_chart_of_accounts_save_entry', 'expense', 'heap_users_raw', 'roles', 'advanced_accounting_trial_balance', 'estimate', 'advanced_accounting_balance_sheet', 'advanced_accounting_send_profit_loss', 'advanced_accounting_send_trial_balance', 'advanced_accounting_filter_trial_balance']",,False
204,monthly_payments_systems,helper_system_explores.model.lkml,"['invoice', 'd_invoice_gateway_fbpay', 'd_date']",,False
205,zendesk_date_dims,helper_system_explores.model.lkml,"['report_systems', 'zendesk_tickets', 'ndt_deferred_upgrade', 'zendesk_organizations']",,False
206,monthly_advanced_payments,helper_system_explores.model.lkml,"['d_gateway_txn', 'gateway_txns', 'report_subscribers', 'd_date', 'd_system_gateway_details']",,False
207,ndt_system_seats_funnels,helper_system_explores.model.lkml,"['report_systems', 'ndt_seats_funnels']",,False
208,monthly_expenses,helper_system_explores.model.lkml,"['expense', 'report_subscribers']",,False
209,monthly_estimates,helper_system_explores.model.lkml,"['estimate', 'report_subscribers']",,False
210,zendesk_monthly_cases,helper_system_explores.model.lkml,"['zendesk_users', 'zendesk_organizations', 'zendesk_ticket_tags', 'report_subscribers', 'd_date', 'zendesk_ticket_metrics', 'zendesk_ticket_fields', 'zendesk_tickets', 'zendesk_categories', 'ndt_zendesk_date_dims']",,False
211,pd_build_commits_with_deploy,helper_system_explores.model.lkml,"['pd_build_commits', 'pd_teams', 'pd_build_deploys']",,False
212,seats_models,validation_models.model.lkml,"['masterlock_invitations', 'systems_daily', 'masterlock_businesses']",,True
213,upgrade_probability_validation,validation_models.model.lkml,"['bad_ip_table', 'ndt_convertible_segment', 'report_systems', 'bad_domain_table', 'upgrade_probability']",,True
214,upm_validation,validation_models.model.lkml,"['bad_ip_table', 'upm_predictions', 'report_systems', 'bad_domain_table']",,True
